"dates","title"
2022-09-01," Berliner Irrfahrt"
2022-09-01," Pkw-Dichte erreicht neuen Rekordwert"
2022-09-01," Berlin lebt den Traum vom billigen Nahverkehr weiter"
2022-09-01," ""Wir gehen von Preissteigerungen in Höhe von 20 Prozent aus"""
2022-09-01," Der Föderalismus braucht eine Generalüberholung"
2022-09-01," Wozu noch auf die Autobahn?"
2022-09-01," Kein schnelles Ende der Busmisere in Wiesbaden"
2022-09-01," ""Jedes Jahr 2000 bis 3000 Euro mehr für Energie"""
2022-09-01," Neues Ticket, neuer Streit"
2022-09-01," Ampel stimmt für Änderung von Infektionsschutzgesetz"
2022-09-01," ""Der Bund muss zügig Details beibringen"""
2022-09-01," ""Das ÖPNV-Ticket muss im Januar kommen"""
2022-09-01," Scharfe Kritik am Verkehrsdezernenten"
2022-09-01," Heikle Aussichten für Energieversorger"
2022-09-01," Stadtwerke Offenbach mit Gewinn"
2022-09-01," Wissing will Nachfolge des 9-Euro-Tickets spätestens ab 2023"
2022-08-01," Bundesverkehrsminister fordert einfachere ÖPNV-Tarife"
2022-08-01," Für 49 Euro bald zurück nach Sylt?"
2022-08-01," 9 Euro sind keine Lösung"
2022-08-01," Leserbriefe vom 31. August 2022"
2022-08-01," ""Einfach einsteigen zu können, war super"""
2022-08-01," Verband zählt rund 52 Millionen verkaufte 9-Euro-Tickets"
2022-08-01," 9 Euro sollen nicht das letzte Wort sein"
2022-08-01," SPD-Fraktion für Energiepreisbremse, Direktzahlungen und 49-Euro-Ticket"
2022-08-01," Was bringt das 9-Euro-Ticket dem Klima?"
2022-08-01," Die letzten Tage des 9-Euro-Tickets"
2022-08-01," Orte zum Abheben"
2022-08-01," Fällt bald bis zu jede dritte ÖPNV-Verbindung weg?"
2022-08-01," Die Senioren gehen zu Fuß"
2022-08-01," Zurück in die Kleinstaaterei"
2022-08-01," Volksbegehren für Verkehrswende"
2022-08-01," Stresstest für den Nahverkehr"
2022-08-01," Frustrierte Zug- und Busfahrer"
2022-08-01," Wie kann Kanada in der Energiekrise helfen?"
2022-08-01," Preissprung nach dem 9-Euro-Ticket"
2022-08-01," RMV verkauft 2,3 Millionen 9-Euro-Tickets"
2022-08-01," Fahrpreise für Busse und Bahnen steigen wieder"
2022-08-01," Im 9-Euro-Taumel"
2022-08-01," Offenbach investiert in sicheres Radfahren"
2022-08-01," Wie eine Stadt 640.000 Tonnen Kohlendioxid einsparen will"
2022-08-01," Verramschter ÖPNV"
2022-08-01," Das 9-Euro-Ticket ist beliebt, aber unbezahlbar"
2022-08-01," Nie wieder Umsteigen!"
2022-08-01," Auf Zacke"
2022-08-01," Wie oft darf man als Ökoaktivist fliegen, Herr Jaenicke?"
2022-07-01," SPD fordert Sonder-Ministerkonferenz zur Nachfolge des 9-Euro-Tickets"
2022-07-01," Elternbeiräte fordern Klassenticket"
2022-07-01," ""Man kann Corona nicht einfach laufen lassen"""
2022-07-01," Warum der gesamte Mittelmeerraum unter Stress steht"
2022-07-01," Wissing hält Nachfolger für 9-Euro-Ticket ab Ende 2022 für möglich"
2022-07-01," Viel Zustimmung für Nachfolger zum Neun-Euro-Ticket"
2022-07-01," Der 100. ICE 4 ist fahrbereit"
2022-07-01," Söder fordert 365-Euro-Jahresticket für ÖPNV"
2022-07-01," ""Das 9-Euro-Ticket macht krank"""
2022-07-01," Wie fällt das Urteil gegen Franco A. aus?"
2022-07-01," Verkehrsunternehmen fordern Flatrate für den ÖPNV"
2022-07-01," Städte unterstützen Wissings Idee einfacher ÖPNV-Tarife"
2022-07-01," Verkehrsminister für bundesweite ÖPNV-Tickets ohne Tarifdschungel"
2022-07-01," ""Klar ist, dass die Abrechnung schlimm wird"""
2022-07-01," Ausgerechnet Aiwanger!"
2022-06-01," 21 Millionen 9-Euro-Tickets im Juni verkauft"
2022-06-01," Sprit in den meisten deutschen Nachbarländern teurer"
2022-06-01," ""Dem deutschen Autofahrer fehlt die Perspektive"""
2022-06-01," Eine Vision wird Wirklichkeit"
2022-06-01," Sie wollen bei der Klimaneutralität Vorreiter sein"
2022-06-01," Shuttlebusse künftig ohne Fahrer"
2022-06-01," Rhein-Main-Verkehrsverbund setzt auf selbstfahrende Kleinbusse"
2022-06-01," Nimm den Bus, amigo!"
2022-06-01," Mehr als 800 Kilometer Frankfurter Radwege"
2022-06-01," Kaum jemand meldet einen positiven Corona-Test"
2022-06-01," Dicht an dicht in vollen Zügen"
2022-06-01," 9-Euro-Ticket überlastet hunderte Züge"
2022-06-01," Wie steht Angela Merkel heute zu ihrer Russland-Politik?"
2022-06-01," Endstation Verzweiflung bei der Deutschen Bahn"
2022-06-01," So geht ÖPNV im Ausland"
2022-06-01," Corona-Fallzahlen gehen nicht mehr zurück"
2022-06-01," Freibier für alle"
2022-06-01," Alle einsteigen, bitte!"
2022-05-01," ""Die Grünen wissen, dass sie sich voll auf mich verlassen können"""
2022-05-01," Wiesbaden stellt Fahrradverleihsystem ein"
2022-05-01," Als Tiger gesprungen, als Bettvorleger gelandet"
2022-05-01," Bahn meldet hohe Nachfrage"
2022-05-01," Preise für viele Nahverkehrstickets kaum gestiegen"
2022-05-01," 9-Euro-Ticket abgesegnet: Länder warnen vor ""Rohrkrepierer"" mit teuren Folgen"
2022-05-01," Für neun Euro durch ganz Deutschland fahren"
2022-05-01," Nudelpreise und Nebenkosten"
2022-05-01," Wird der Bundesrat dem 9-Euro-Ticket zustimmen?"
2022-05-01," Leserbriefe vom 20. Mai 2022"
2022-05-01," Bundestag beschließt Milliardenzuschuss für 9-Euro-Ticket und Tankrabatt"
2022-05-01," Immer mehr Bundesländer stellen das 9-Euro-Ticket in Frage"
2022-05-01," Darum geht es beim Streit um das 9-Euro-Ticket"
2022-05-01," So stark wie nie. Und jetzt?"
2022-05-01," Vergeblicher Aufstand"
2022-05-01," Drei Länder drohen mit Blockade im Bundesrat"
2022-05-01," Zahl der Infektionen geht zurück, Inzidenz sinkt auf 477"
2022-05-01," Konflikt professionell gelöst"
2022-05-01," Public Viewing beim Finale in Sevilla"
2022-05-01," Droht nach dem 9-Euro-Ticket die Preiserhöhung?"
2022-05-01," Habeck legt Grundstein für erstes Flüssiggasterminal"
2022-05-01," Aufhören, wenn es am schönsten ist"
2022-05-01," Der lange Weg zur grünen Uni"
2022-05-01," Abhängen von Altenheim nicht akzeptabel"
2022-05-01," ""Sylt nicht optimal gerüstet für zu erwartenden Ansturm"""
2022-05-01," Caritas schlägt Alarm wegen Kürzung im Busverkehr"
2022-04-01," Von Amtsmüdigkeit keine Spur"
2022-04-01," ""Wir werden mit Corona leben müssen"""
2022-04-01," Was im zweiten Entlastungspaket steckt"
2022-04-01," Länder-Verkehrsminister warnen den Bund vor Wortbruch"
2022-04-01," Es fährt kein Bus bei Google Maps"
2022-04-01," Das 9-Euro-Ticket wird seine Wirkung verfehlen"
2022-04-01," Hier bin ich Mensch, hier darf ich fahr'n"
2022-04-01," Mit welchen Sanktionen antwortet der Westen auf die Gräuel in Butscha?"
2022-04-01," Grünen-Chefin Lang für befristetes Tempolimit"
2022-04-01," Bloß keinen ideologischen Streit um das Auto"
2022-04-01," Guten Morgen!"
2022-04-01," Das Neun-Euro-Ticket sendet ein falsches Signal"
2022-03-01," In Offenbach muss beim ÖPNV gespart werden"
2022-03-01," 9 Euro oder Nulltarif im ÖPNV?"
2022-03-01," Der ÖPNV ist keine Ramsch-Ware"
2022-03-01," RMV setzt auf Kompensation durch Bund"
2022-03-01," ""Nicht alle Dieselbusse können ersetzt werden"""
2022-03-01," Milliardenbedarf beim RMV"
2022-03-01," Warum der öffentliche Nahverkehr teurer werden muss"
2022-03-01," Steuert der Krieg auf eine Patt-Situation zu?"
2022-03-01," Guten Morgen!"
2022-03-01," Zwei Spuren weniger für Autos auf der Berliner Straße"
2022-03-01," Welche Corona-Regeln in den Bundesländern gelten"
2022-03-01," Mehr als nur fünf Minuten"
2022-03-01," ""Der Rhein-Main-Region geht es gut - noch"""
2022-03-01," Stillstand nach dem Aus für die Citybahn"
2022-02-01," Verkehr zwischen Vision und Wirklichkeit"
2022-02-01," ""Mehr Platz für Räder, weniger Autos, weniger Staus"""
2022-02-01," Bund schießt unkontrolliert Milliarden in den ÖPNV"
2022-02-01," Leserbriefe vom 5. Februar 2022"
2022-01-01," Die Agenda des neuen Verkehrsministers"
2022-01-01," Dieselbusse bleiben erste Wahl"
2022-01-01," Hauptstadt der Staus"
2022-01-01," ""Stunde der Wahrheit"" beim Treffen zwischen NATO und Russland?"
2022-01-01," 405-Tonnen-Schwertransport rollt durch Frankfurt"
2022-01-01," Wie Volker Wissings Verkehrswende aussehen soll"
2022-01-01," Klimawandel - was tun?"
2022-01-01," ""Eine Impfpflicht wäre unverhältnismäßig"""
2021-12-01," ""Wir haben es dem Bund vorgemacht"""
2021-12-01," Wie ein Radfahrer gegen Falschparker vorgeht - und deshalb vor Gericht muss"
2021-12-01," ""Es gibt einen gesellschaftlichen Wandel in der Stadtplanung"""
2021-12-01," ""Meine Vision bleibt das landesweite Bürgerticket"""
2021-12-01," ÖPNV trotzt Corona"
2021-12-01," Jeder zehnte Bus fährt elektrisch"
2021-12-01," Verbände fordern Sicherheitspersonal in Bus und Bahn"
2021-11-01," ""Der ÖPNV ist kein Corona-Hotspot"""
2021-11-01," Rot-grün-roter Koalitionsvertrag für Berlin steht"
2021-11-01," Der stille Abschied vom Leistungsprinzip"
2021-11-01," Riesenansturm auf Sicherheitsdienste"
2021-11-01," Was SPD, Grüne und FDP mit Deutschland vorhaben"
2021-11-01," ""Uns bleiben neun Jahre"""
2021-11-01," ""Liberale sind keine Anarchisten"""
2021-11-01," Impfallianz will Rekordmenge an Booster-Impfungen setzen"
2021-11-01," ""Sie reißen uns die Zettel aus den Händen"""
2021-11-01," Kann 3G in öffentlichen Verkehrsmitteln funktionieren?"
2021-11-01," Pendler hängen weiter am eigenen Auto"
2021-11-01," Schöner arbeiten"
2021-11-01," Auf dem Weg zur grünen Klinik"
2021-11-01," Music for Future"
2021-10-01," Maskenpflicht im Nahverkehr soll weiter gelten"
2021-10-01," Streeck warnt vor Winter - ""Deutschland ist unvorbereitet"""
2021-10-01," Neue Wege für die Wohnungspolitik von morgen"
2021-10-01," Kommunen allein schaffen es nicht"
2021-10-01," Deshalb sieht sich der ÖPNV als Jobmotor"
2021-10-01," Corona ist auch ein Verkehrsunglück"
2021-10-01," Im autonomen Shuttle unterwegs"
2021-10-01," Ein Nobelpreis für die Corona-Forschung?"
2021-10-01," Was Planer vom ""Stadtteil der Quartiere"" halten"
2021-09-01," Warum die nächste Regierung schnell handeln muss"
2021-09-01," ""Wir brauchen neue Flächen für Gewerbe"""
2021-09-01," Die große Freiheit ohne Auto"
2021-09-01," Scheuer aufs Abstellgleis"
2021-09-01," Die Qual der Wahl"
2021-09-01," Wie die Parteien das Klima retten wollen"
2021-09-01," Mehrheit der Erwerbstätigen fuhr 2020 mit dem Auto zur Arbeit"
2021-09-01," Vollgas oder Lastenrad"
2021-09-01," Polizei ermittelt gegen Demonstranten"
2021-09-01," Vorbereitungen für Auffrischungsimpfung laufen"
2021-08-01," Mein Lastenfahrrad, ich und der ganze Rest"
2021-08-01," Batterien für die ganze Welt"
2021-08-01," Anreiz zum Testen gesucht"
2021-08-01," Das können Sie machen, wenn Ihr Zug ausfällt"
2021-08-01," Das können Sie tun, wenn Ihr Zug ausfällt"
2021-08-01," Baumärkte sind attraktiv für Anleger"
2021-08-01," Wie Autofahrer vom Autofahren weggelockt werden sollen"
2021-07-01," Willkommen im Dschungel"
2021-07-01," Rechtliche Zweifel an Tempo 40"
2021-07-01," Leserbriefe vom 17. Juli 2021"
2021-07-01," Freifahrten zum Geburtstag"
2021-07-01," Lastwagenverbot auf Umfahrung wird nicht beachtet"
2021-07-01," E-Busse auf Schleichfahrt"
2021-07-01," Dieselbusse müssen länger fahren"
2021-07-01," Neue Mainbrücke zwischen Offenbach und Hanau möglich"
2021-07-01," Bypass gegen den Verkehrsinfarkt"
2021-06-01," Eine Brücke als Härtetest"
2021-06-01," Den Reisepass raussuchen"
2021-06-01," Das Dilemma des Gewährleistungsstaats: Klimaneutralität und Grundrechte"
2021-06-01," Zwei Nummern zu groß"
2021-06-01," Ideen der V-Ampel nützen regionaler Wirtschaft wenig"
2021-05-01," Linke bestätigen Heimer und Schalauske als Parteivorsitzende"
2021-05-01," Wie Karlsruhe autonome Busse testet"
2021-05-01," Söder lehnt Koalition unter grüner Kanzlerin ab"
2021-05-01," Laschet gegen Enddatum für Verbrennungsmotor"
2021-05-01," Wir brauchen ein Bundesbauministerium"
2021-05-01," Scheuer: Milliardenhilfe für Öffentliche Verkehrsmittel nötig"
2021-05-01," Söder will Bayern schon bis 2040 klimaneutral machen"
2021-04-01," ""Das kann man niemandem auf der Welt erklären"""
2021-04-01," Frankfurt braucht Jamaika"
2021-04-01," Hessen will der Verkehrswende Beine machen"
2021-04-01," Bus und Bahn stecken in der Corona-Klemme"
2021-03-01," Greensills größtes Opfer"
2021-03-01," Klimaschutz und Windenergie als Streitpunkte"
2021-03-01," Mit der App zum Ziel"
2021-03-01," Fußgängerzone in der Krise"
2021-03-01," Inzidenzzahlen steigen im Wochenvergleich deutlich an"
2021-02-01," Helikopter über dem Ostfeld"
2021-02-01," Hubschrauber als Risiko"
2021-02-01," Autofrei oder nur autoarm?"
2021-02-01," ÖPNV in Kassel rollt wieder an"
2021-01-01," Tiefschlag für den Nahverkehr"
2021-01-01," Joe Bidens Tag"
2021-01-01," Abschied vom ""Schnuudlabbe"""
2021-01-01," Welche Maske ist jetzt die richtige?"
2021-01-01," ""Was kann man Kindern und Eltern noch zumuten?"""
2021-01-01," Eine fast unlösbare Aufgabe"
2021-01-01," ""Ein Zurück in etwas mehr Alltag ist möglich"""
2021-01-01," Wiesbaden und die Suche nach dem Plan B"
2021-01-01," Steinmeier appelliert an Arbeitgeber"
2021-01-01," Nicht mehr nachvollziehbare Irrationalität"
2021-01-01," Gutachter nehmen sich die Aartalbahn wieder vor"
2020-12-01," Rechtssicherheit für moderne Mobilitätsdienste"
2020-12-01," Union und SPD prüfen Verbot von Privilegien für Geimpfte"
2020-12-01," ""Lufthansa hat sich entschieden, Recht zu brechen"""
2020-12-01," Preise für Bus- und Bahntickets steigen"
2020-12-01," Fahrgastzahl in Bus und Bahn drastisch eingebrochen"
2020-12-01," Hanauer Oberbürgermeister gegen höhere Steuern"
2020-12-01," Noch kein Aufatmen"
2020-11-01," Schienen im Dornröschenschlaf"
2020-11-01," Gegen rappelvolle Schulbusse kann man etwas tun"
2020-11-01," Warnstreiks im Nahverkehr in mehreren Städten Hessens"
2020-11-01," Warnstreiks im hessischen Nahverkehr"
2020-11-01," Hessen erhöht Beitrag für Kommunen"
2020-10-01," ""Wiesbaden braucht eine moderne Stadtbahn"""
2020-10-01," Stundenlanges Verkehrschaos nach Abseilaktionen"
2020-10-01," Ohne Gleise kaum vorstellbar"
2020-10-01," Tausende Verstöße gegen Corona-Regeln gezählt"
2020-10-01," Wo darf man noch übernachten?"
2020-10-01," Die Eintracht muss ohne Zuschauer spielen"
2020-10-01," ""Es wird langsam gefährlich"""
2020-10-01," Bye, bye Tegel"
2020-10-01," ""Die Fahrgäste sind gut vorbereitet"""
2020-10-01," Verdi ruft zu weiteren Warnstreiks im öffentlichen Nahverkehr auf"
2020-09-01," Mehr als 10.000 Bus- und Bahnfahrer im Ausstand"
2020-09-01," Ausdehnung der Warnstreiks bei Kommunen angekündigt"
2020-09-01," Teurere Tickets für Maskenmuffel"
2020-09-01," ""Brauchen keine Antriebswende, sondern eine konsequente Verkehrswende"""
2020-08-01," ""Das können wir so nicht akzeptieren"""
2020-08-01," ""Null Toleranz gegen Rechtsbruch"""
2020-08-01," Rathauschefs von Mainz und Wiesbaden für die Citybahn"
2020-08-01," Corona schönt die Klimabilanz"
2020-08-01," Stadt weitet gebührenpflichtige Parkzonen aus"
2020-08-01," Fahrrad als Hauptverkehrsmittel"
2020-08-01," Preise für Bustickets nur in wenigen Städten gesunken"
2020-08-01," In der Sackgasse"
2020-06-01," Verkehrsmittel, die auch weg können"
2020-06-01," Öffnung der Grundschulen in Hessen ist ""verantwortungslos"""
2020-06-01," 435 Räder an einem Samstag"
2020-06-01," Wie ein Klimaretter um sein Comeback kämpft"
2020-06-01," Wer bekommt was?"
2020-05-01," Jubiläum ohne Feierlaune"
2020-05-01," Zwergenaufstand"
2020-05-01," Scheuer will Milliarden für die Bahn und den Digitalausbau"
2020-05-01," Das Endspiel um das Konjunkturpaket"
2020-05-01," ""Corona ist auch ein großer Verkehrsversuch"""
2020-05-01," ""Ein teures Strohfeuer"""
2020-05-01," Viel Gegenwind für eine neue Abwrackprämie"
2020-05-01," Jetzt haben Sie das Wort!"
2020-04-01," Die Maskenpflicht soll auch im ICE gelten"
2020-04-01," Mundschutz, aber wo?"
2020-04-01," Ruf nach Rettungsschirm für Bus und Bahn"
2020-04-01," An der Grenze des Machbaren"
2020-03-01," Absage an alle Autofahrer"
2020-02-01," Erstes Land der Welt führt kostenlosen ÖPNV ein"
2020-02-01," Was sollen die Elektrotretroller?"
2020-02-01," Schnellere Planung - nicht ohne den Bürger"
2020-02-01," Die schwarz-grüne Verkehrskoalition"
2020-02-01," Mit ""Wilma"" autonomes Fahren selbst erleben"
2020-01-01," Milliarden für den ÖPNV"
2020-01-01," Verkehrsunternehmen sind gegen 365-Euro-Tickets"
2020-01-01," Die Gefahrenabwehr geht vor"
2020-01-01," Innenstadt ohne Autos?"
2020-01-01," Großstörung"
2020-01-01," ""Miete ist die wichtigste soziale Frage"""
2019-12-01," Luxemburg macht Bahn und Bus kostenlos"
2019-12-01," Es wird einem nichts geschenkt"
2019-12-01," So fördert Augsburg den Verzicht aufs eigene Auto"
2019-12-01," E-Scooter-Mitnahme in Bussen und Bahnen geregelt"
2019-12-01," Mehr Angebot bei Bus und Bahn"
2019-12-01," Berlin erklärt die ""Klimanotlage"""
2019-11-01," Was bringt es der Welt, wenn ich auf einen Flug verzichte?"
2019-11-01," Wie Seilbahnen den Verkehrskollaps verhindern sollen"
2019-11-01," Sechser ohne Steuermann"
2019-11-01," Werden Bahnen und Bäder teurer?"
2019-11-01," Warnstreiks legen vielerorts Busverkehr in Hessen lahm"
2019-10-01," Durcheinander als Unterhaltung"
2019-10-01," Duell und Vierkampf vor Thüringer Landtagswahl"
2019-10-01," Wiesbaden will Modellstadt für 365-Euro-Ticket werden"
2019-09-01," Bus und Bahn werden in Deutschland teurer"
2019-09-01," Der Klimaschutz - sozial und demokratisch"
2019-09-01," ""Olympia als treibende Kraft"""
2019-09-01," Blitzgescheit ist die Blondine"
2019-09-01," Widersprüche der bürgerlichen Gesellschaft"
2019-09-01," Gelb und Orange mischen sich"
2019-09-01," SPD-Fraktion will 365-Euro-Jahresticket"
2019-09-01," Die Bahn erhöht die Preise nicht - wenn die Steuer sinkt"
2019-09-01," Wenn die Berufsschule 174 Kilometer weit weg ist"
2019-09-01," Endlich Land in Sicht"
2019-08-01," Auf, auf zum fröhlichen Jagen"
2019-08-01," Eine App für alle Wege"
2019-08-01," ""Manchmal muss man ungemütlich werden"""
2019-07-01," Orgelschwestern"
2019-07-01," Verkehrsmaschine Berlin"
2019-07-01," Senioren fahren auch mit 70 noch gerne Auto"
2019-06-01," Gute Chancen für neue Straßenbahnlinien"
2019-06-01," Basteln am Haus des Herrn"
2019-06-01," Frankfurt bei Monatskarten für Bus und Bahn besonders teuer"
2019-06-01," Union will Kerosinsteuer für Flugzeuge prüfen"
2019-05-01," Erstes Dieselfahrverbot beginnt in Hessen"
2019-05-01," Sehnsucht nach der Elefantenrunde"
2019-05-01," Der Geläuterte"
2019-05-01," Zu früh für ein Bürgerticket"
2019-05-01," Daten regeln den Verkehr"
2019-04-01," Tunnel für Gateway Gardens steht"
2019-04-01," Der Wettlauf um deutsche Straßen beginnt"
2019-04-01," Mit einer App durch ganz Deutschland"
2019-04-01," ""Scheuer weg!"" - ""Uber raus!"""
2019-04-01," Soll ich studieren oder eine Lehre machen?"
2019-04-01," Zulassung von E-Tretrollern in Deutschland rückt näher"
2019-04-01," Verbände setzen Regierung wegen Ladesäulen unter Druck"
2019-04-01," Keine alten Diesel in Stuttgart geschnappt"
2019-03-01," ""Der Staat stiehlt sich mit fiesen Tricks aus der Verantwortung"""
2019-03-01," Plötzlich ist das Tempolimit wieder auf dem Tisch"
2019-03-01," SPD fordert Nahverkehrs-Ticket für Dieselfahrer"
2019-02-01," Die Tretroller kommen - ohne Helm und Führerschein"
2019-02-01," Der Glaubenskrieg um das Auto"
2019-02-01," Fragen und Antworten zu möglichen Dieselfahrverboten in Wiesbaden"
2019-02-01," Wie sinnvoll ist W-Lan im Zug?"
2019-02-01," Parkplätze möglichst in Bahnhofsnähe"
2019-02-01," Die Qual der Pendler"
2019-01-01," Hoffnung für die Dieselfahrer"
2019-01-01," ""Eine Seilbahn wäre eine regionale Attraktion"""
2019-01-01," ""Wir fordern einen Kohleausstieg bis spätestens 2030"""
2019-01-01," Wiesbadener Perspektiven 2019"
2018-12-01," Die CDU lehnt eine Nahverkehrsabgabe ab"
2018-12-01," Nicht nur Fahrten zwischen Frankfurt und Offenbach bald billiger"
2018-11-01," Diesel-Autos sind nur ein Teil des Problems"
2018-11-01," Aschaffenburger fahren samstags kostenlos Bus und Bahn"
2018-11-01," Kommt das 365-Euro-Ticket?"
2018-11-01," Ein 365-Euro-Ticket? Ja, aber nicht sofort"
2018-10-01," Gespensterjagd im Wahlkampf"
2018-10-01," Polizei und Opposition kritisieren ÖPNV-Kontrollen"
2018-10-01," Polizei-Gewerkschaft und SPD rügen verstärkte Kontrollen"
2018-10-01," Mit Seilbahnen gegen das Dieselverbot"
2018-10-01," Studierende nehmen häufiger Bus und Bahn"
2018-09-01," Das Diesel-Dilemma"
2018-09-01," Fraport soll Terminal 3 auf eigene Kosten an S-Bahn anbinden"
2018-09-01," Punktsieg für den Amtsinhaber"
2018-09-01," ÖPNV ist 80 Prozent teurer als im Jahr 2000"
2018-09-01," Gericht plant Fristen für Frankfurt"
2018-09-01," Mehr Daten - weniger Stau"
2018-08-01," ""Ich bin nicht umfragefixiert"""
2018-08-01," Steuervorteil für E-Autos als Dienstwagen"
2018-08-01," Was es heißt, auf Erdogans Schwarzer Liste zu stehen"
2018-07-01," Teurer als der Bus, billiger als das Taxi"
2018-06-01," ""Kleinstadt, lass dich nicht abhängen!"""
2018-05-01," Eine Stadt ohne Stau - kann es das geben?"
2018-05-01," Es geht um mehr als nur den Diesel"
2018-05-01," Aus dem Großstadt-Dschungel in die Dschungel-Großstadt"
2018-05-01," Das Leid der Landärzte"
2018-05-01," Wie häufig kann man Stellwerkstörungen haben?"
2018-04-01," ""Wir werden diese Alleingänge nicht mehr dulden"""
2018-03-01," ""Zu viel Stillstand nach 20 Jahren CDU"""
2018-03-01," Kostenloser Nahverkehr bei stillgelegtem Auto"
2018-03-01," Ab in die Wohnung"
2018-03-01," So kann der Nahverkehr noch besser werden"
2018-02-01," Eine Chance für die Heimat"
2018-02-01," Kommunen kritisieren Pläne der Bundesregierung"
2018-02-01," Kanzlerin der Einheit"
2018-02-01," ""Würde das System an den Rand des Kollapses bringen"""
2018-02-01," Linke fordert kostenlosen Nahverkehr von 2022 an"
2018-02-01," Ein Fall für den Presserat"
2018-02-01," ""Nahverkehr käme zum Erliegen"""
2018-02-01," ""Wir können das jedenfalls nicht bezahlen"""
2018-02-01," Vorstoß zu unentgeltlichem Nahverkehr ""nicht durchdacht"""
2018-02-01," Kostenloser Nahverkehr für alle?"
2018-02-01," ""Wir wollen ja die Gesellschaft verändern"""
2018-02-01," RMV strikt gegen Straffreiheit für Schwarzfahrer"
2018-01-01," Söders Aufschlag für Bayerns Zukunft"
2018-01-01," Freie Fahrt mit Bus und Bahn - auf lange Sicht"
2017-12-01," Söder will kein ""Bayern first"""
2017-11-01," Leise, sauber, aber auch teuer"
2017-11-01," Schützenpanzer und Schwachköpfe"
2017-11-01," Nachtschicht im Busdepot"
2017-11-01," Nachtschicht im Busdepot"
2017-10-01," Klingbeil soll neuer SPD-Generalsekretär werden"
2017-09-01," Duisburg lässt die Minibusse rollen"
2017-09-01," Kein Wettlauf"
2017-09-01," Fahrpreis-Politik mit Risiken"
2017-08-01," Mehr als 250.000 Schülertickets verkauft"
2017-07-01," Neuer Pendler-Rekord"
2017-05-01," Für 365 Euro im Jahr durch ganz Hessen"
2017-04-01," München baut sich eine neue Lebensader"
2017-03-01," Frankfurt ist nicht attraktiv für Londons Banker"
2017-03-01," ""Das Schülerticket wird ein Renner"""
2017-03-01," Mangel an Radwegen und Car-Sharing"
2017-02-01," Frankfurt ist teurer als München"
2017-01-01," Busfahrer streiken auch am Donnerstag"
2016-11-01," Überfällige Verkehrswende"
2016-08-01," Elektrobusse sollen das innerstädtische Klima retten"
2016-07-01," So verlief die Schreckensnacht von München"
2016-07-01," ""Eine Art Flatrate für Bus und Bahn für 365 Euro"""
2016-02-01," 24 Millionen Euro zusätzlich für RMV"
2015-12-01," Fahrverbote für Dieselfahrzeuge denkbar"
2015-11-01," ""Keine ÖPNV-Nutzer zweiter Klasse"""
2015-08-01," Drogenpolitik bleibt größtes Problem"
2015-07-01," Bierflaschenzertrümmern härter bestrafen!"
2015-04-01," Baukosten steigen stärker als Mieten"
2015-03-01," Hindernisparcours für geteilte Autos"
2015-01-01," Ikea in der Fußgängerzone"
2015-01-01," Das Dorfauto startet in der Eifel"
2014-12-01," So schaltet man Ampeln mit dem Smartphone"
2014-10-01," Grossbritannien: Südengland - Von London bis Cornwall"
2014-10-01," Madeira - Blumenzauber im Atlantik"
2014-10-01," Fotoreise Südafrika - Unterwegs auf Motivjagd"
2014-08-01," Madeira - Inselparadies im Atlantik"
2014-08-01," Mailand - Weltausstellung Expo Milano 2015"
2014-08-01," Regierung will Elektroautos auf die Busspur lassen"
2014-05-01," Das Bike der letzten Meile"
2014-03-01," Berlin rast, London rumpelt"
2013-12-01," Unsere liebsten Lektüren"
2013-12-01," U 5 ins Europaviertel ""unverzichtbar"""
2013-12-01," Busse bleiben noch bis in die Nacht in Depots"
2013-10-01," Autofahrten ergänzen den Busfahrplan"
2013-10-01," Trasse für Güterzüge als Lösung"
2013-06-01," Eigener Bahnhof für Gateway Gardens"
2013-06-01," ""Der Job im Nahverkehr ist sicher"""
2013-06-01," Der rollende Access-Point und sein neuer Store"
2013-04-01," Lohnt es sich, für 498.356,88 Euro zu arbeiten?"
2013-04-01," Auch wenn der Bus mal nicht fährt"
2013-04-01," Neuer Fahrgastrekord für Bus und Bahn"
2013-03-01," Eine Stadt auf neuen Spuren"
2013-02-01," Grillo und der Cavaliere machen es nicht leicht"
2013-01-01," Das Lehrstück"
2012-11-01," Neue deutsche Mobilität"
2012-09-01," Verzichten für die Rente"
2012-08-01," Auf Linie über den Bodensee"
2012-04-01," Wir sind doch nicht doof!"
2012-03-01," Wir müssen aufhören, auf Kosten anderer zu leben"
2010-11-01," Wolff neuer Hauptgeschäftsführer"
2008-01-01," Kampf gegen ein Phantom"
2007-07-01," Flaniermeile als Visitenkarte"
2007-06-01," Von Haustür zu Haustür"
2006-12-01," Aktie der Bremer Straßenbahn auf Dauer wenig aussichtsreich"
2006-09-01," Taxmobil-Fonds: Viel Geduld verspricht Erfolg"
2005-03-01," Frankfurt, München und Düsseldorf mit der höchsten Lebensqualität"
