"dates[-1]","title[-1][1:length(dates[-1])]"
2022-09-15,"Verkehrsverbund stimmt für 29-Euro-Ticket in Berlin"
2022-09-07,"Entlastung ""in progress"""
2022-09-07,"Fast jedes zweite Unternehmen will Preise anheben"
2022-09-06,"Im Herbst sind für Innenräume wieder Obergrenzen möglich"
2022-09-05,"Tausende protestieren in Leipzig gegen Energiepreise"
2022-09-05,"Länder fordern Mitsprache bei Entlastungen"
2022-09-05,"Kommunen fordern Zusage der Länder für neues ÖPNV-Ticket"
2022-09-04,"""Teils mit der Gießkanne unterwegs"""
2022-09-04,"Mit 65 Milliarden gegen die Krise"
2022-09-03,"Wissing will Nachfolge des 9-Euro-Tickets spätestens ab Anfang 2023"
2022-09-03,"Günstiger als mit dem 9-Euro-Ticket"
2022-09-01,"9-Euro-Ticket, selbst gemacht"
2022-09-01,"Es läuft nicht gut für den Vizekanzler"
2022-08-31,"Wer reinkommt, der will von da an nur noch raus"
2022-08-31,"Wissing sichert Nachfolge für 9-Euro-Ticket zu"
2022-08-31,"Berlin hat einen ambitionierten Plan"
2022-08-30,"Städte bereiten sich auf Gasmangel vor"
2022-08-30,"FDP fordert Finanzzusagen der Länder für 9-Euro-Ticket-Nachfolge"
2022-08-30,"Robert Habeck räumt Fehler bei Konzeption der Gasumlage ein "
2022-08-29,"Verkehrsverbände verkauften rund 52 Millionen 9-Euro-Tickets"
2022-08-29,"Macron hat die Pandemie für beendet erklärt"
2022-08-28,"Umweltbundesamt fordert Nachfolge des 9-Euro-Tickets"
2022-08-27,"Städte und Gemeinden fordern Direktzahlungen an Geringverdiener"
2022-08-26,"""Das ist letztendlich Verarsche"""
2022-08-26,"Verkehrsminister fordern Milliardenhilfen des Bundes für Nahverkehr"
2022-08-26,"Städte und Gemeinden fordern rasche Nachfolge für 9-Euro-Ticket"
2022-08-25,"Mit links zur Übergewinnsteuer"
2022-08-25,"SPD-Verkehrspolitiker für ""40-bis-70-Euro-Ticket"""
2022-08-24,"Verkehrsminister treffen sich zu Sonderkonferenz"
2022-08-24,"Was wirklich helfen könnte"
2022-08-21,"Lindner beklagt bei Dienstwagenprivileg ""linkes Framing"""
2022-08-21,"Sitzen Sie eigentlich immer allein im Auto? "
2022-08-21,"Verbraucherzentralen dringen auf Anschluss für 9-Euro-Ticket"
2022-08-19,"Da, wo alle nur durchfahren"
2022-08-19,"Berlin? München? Paderborn!"
2022-08-14,"Volker Wissing will im Herbst über 9-Euro-Ticket-Nachfolge entscheiden"
2022-08-11,"Ein Ausflugsticket, und doch ein Erfolg"
2022-08-11,"80 Prozent mehr Bahnreisen in ländliche und touristische Gebiete"
2022-08-10,"Inflationsrate in Deutschland auf hohem Niveau gesunken"
2022-08-08,"Deutsche nutzen trotz 9-Euro-Ticket oft das Auto"
2022-08-07,"Christian Lindner will Fortsetzung von 9-Euro-Ticket nicht finanzieren"
2022-08-05,"Grüne schlagen zwei Nachfolger für 9-Euro-Ticket vor"
2022-08-05,"Andere Länder machen es doch auch"
2022-08-05,"Im Juli erneut weniger als 60 Prozent der Fernzüge pünktlich"
2022-08-05,"""Wir sind in einer Notlage"""
2022-08-05,"9-Euro-Ticket sorgt für deutlich mehr Fahrgäste im Nahverkehr"
2022-08-03,"So wollen sie den Pandemieherbst geregelt kriegen"
2022-08-03,"Karl Lauterbach und Marco Buschmann stellen neue Corona-Maßnahmen vor"
2022-08-03,"9-Euro-Ticket dämpft laut Studie Inflation"
2022-08-01,"Geld soll in Bus und Bahn statt in Dienstwagen fließen"
2022-07-31,"Allgäu für alle!"
2022-07-30,"""Warum führen wir nicht einen ÖPNV-Beitrag ein?"""
2022-07-28,"Eisenbahngewerkschaft gegen Fortführung des 9-Euro-Tickets"
2022-07-28,"Was bringt das 9-Euro-Ticket?"
2022-07-24,"Busunternehmen melden massiven Fahrgastverlust durch 9-Euro-Ticket"
2022-07-23,"Widerspruch gegen Fortsetzung des 9-Euro-Tickets"
2022-07-21,"Jetzt bitte kein politischer Druckabfall"
2022-07-20,"Macht mal Platz"
2022-07-20,"Volker Wissing sieht Nachfolge für 9-Euro-Ticket als Ländersache"
2022-07-19,"Christian Lindner will Pendlerpauschale erhöhen"
2022-07-19,"Nachfolgeangebot für 9-Euro-Ticket könnte Ende 2022 kommen"
2022-07-18,"Volker Wissing offen für Nachfolgereglung für 9-Euro-Ticket"
2022-07-17,"Das Angebot muss besser werden, nicht der Preis"
2022-07-15,"Verkehrsministerium reagiert verhalten auf Vorstoß zu 69-Euro-Ticket"
2022-07-15,"Realistisch und doch revolutionär"
2022-07-14,"Verband fordert ab 1. September 69-Euro-Ticket "
2022-07-13,"Der Verkehr muss fließen – für Autofahrer"
2022-07-11,"Jeder fünfte Käufer des 9-Euro-Tickets nutzt ÖPNV erstmals vermehrt"
2022-07-07,"Genug geschnuppert"
2022-07-04,"So funktioniert das 9-Euro-Ticket"
2022-07-04,"Wie es im Übersee-Club wirklich zugeht"
2022-06-27,"Christian Lindner gegen Fortsetzung des 9-Euro-Tickets"
2022-06-24,"Nur gute Nachrichten und Inspirierendes"
2022-06-24,"Umfrage zeigt hohe Zufriedenheit mit dem 9-Euro-Ticket"
2022-06-17,"""Sollen wir die Menschen hungern lassen, damit etwas passiert?"" "
2022-06-07,"Bahn-Betriebsrat meldet 400 überfüllte Züge am Pfingstwochenende"
2022-06-06,"Starker Andrang in Regionalzügen"
2022-06-05,"Kommunen fordern dauerhaft günstiges Angebot im Nahverkehr"
2022-06-05,"Flatrate für immer"
2022-06-01,"Jetzt gilt's"
2022-06-01,"Erster Tag mit 9-Euro-Ticket reibungslos angelaufen"
2022-06-01,"9-Euro-Ticket und Spritsteuersenkung gelten ab sofort"
2022-05-31,"Muss immer mehr Steuergeld in den Nahverkehr fließen?"
2022-05-30,"Christian Lindner will mittlere Einkommen per Steuerreform entlasten"
2022-05-30,"Milliarden für die Bundeswehr, Kolumbien-Wahl, Paartherapie"
2022-05-28,"Die neue Welt der Pendler"
2022-05-27,"Nur gute Nachrichten und Erbauliches zum Wochenende"
2022-05-27,"Kritik an Scholz, Pockenimpfstoff, heikle Männerfreundschaften"
2022-05-29,"‘Tschuldigung, fahren Sie wo hin, wo es schön ist?"
2022-05-24,"Die verspätete Nation"
2022-05-23,"""Historisch großer Zugriff auf unser Vertriebssystem"""
2022-05-23,"Bahn und Verkehrsverbünde starten Verkauf des Neun-Euro-Tickets"
2022-05-20,"""Wir können keine neuen Züge herbeizaubern"""
2022-05-20,"Warum kann es das nicht immer geben?"
2022-05-20,"Bundesrat stimmt für Neun-Euro-Ticket"
2022-05-18,"Was hinter dem RAF-Anschlag auf das Springer-Hochhaus steckte "
2022-05-18,"Man muss Autofahren ja nicht gleich verbieten"
2022-05-15,"Bayern droht bei Neun-Euro-Ticket mit Blockade im Bundesrat"
2022-05-09,"Entlastet werden mal wieder vor allem die Reichen"
2022-05-06,"Radtour, aber richtig"
2022-05-06,"Preise müssen endlich die ökologische Wahrheit widerspiegeln"
2022-05-05,"""Dann kommt kaum mehr jemand auf die Idee, ins eigene Auto zu steigen"""
2022-05-02,"Fürchten Sie die Stromsperre?"
2022-04-14,"Die deutschlandweite Mobilitätsapp droht zu scheitern"
2022-04-14,"Heilige Scheiße"
2022-04-13,"Fahrgastverband warnt vor vollen Ferienzügen durch Neun-Euro-Ticket"
2022-04-08,"""Diese Regierung kann kein Krisenmanagement"" "
2022-04-07,"Zahl der Fahrgäste in Bussen und Bahnen 2021 abermals gesunken"
2022-04-05,"""Die Straßen gehören nicht naturgemäß dem Auto"""
2022-04-02,"Schöner Reisen in der Klimakrise"
2022-04-01,"Was bedeutet der Gasstreit mit Russland für Verbraucher?"
2022-04-01,"Neun-Euro-Ticket soll spätestens Anfang Juni verfügbar sein"
2022-03-31,"Putins Berater, Notfallplan Gas, Inflation"
2022-03-30,"Wer es sich leisten kann, fährt trotzdem Auto"
2022-03-28,"Warum kein Fahrverbot am Sonntag?"
2022-03-26,"Nur gute Nachrichten und Inspirierendes zum Wochenende"
2022-03-25,"Pläne zu günstigem ÖPNV-Ticket sorgen für Chaos"
2022-03-25,"Der isolierte Kandidat"
2022-03-25,"Geld für Energie, deutliche Signale, Ausstieg aus der Politik"
2022-03-24,"Sozial- und Umweltverbände kritisieren Entlastungspaket"
2022-03-24,"Für jeden was dabei"
2022-03-24,"Ampel beschließt 300 Euro Einmalzahlung – Tanken wird günstiger"
2022-03-19,"Wir haben zu tanken"
2022-03-18,"Bundestag beschließt umfassende Corona-Lockerungen ab 20. März"
2022-03-16,"Wenn ein paar Cent mehr richtig wehtun"
2022-03-14,"Es gibt kein Recht auf billiges Benzin"
2022-03-13,"Energiesparen gegen Putin"
2022-03-11,"Abwarten und Fahrrad fahren"
2022-03-11,"Wie sehr belasten Sie die hohen Spritpreise?"
2022-03-09,"""Der ÖPNV kann attraktiver werden als das Auto"""
2022-03-08,"Wie in Hamburg lebende Ukrainerinnen und Ukrainer den Krieg erleben"
2022-03-03,"""Vielleicht ist es an der Zeit, auch mal was zurückzugeben"""
2022-02-27,"""In einem Monat habe ich 53.000 Euro eingenommen"""
2022-02-04,"Her mit dem Fahrplan zur Freiheit"
2022-01-30,"""Meine Fonds sind 350.000 Euro wert"""
2022-01-26,"Was Autofahren wirklich kostet"
2022-01-25,"Draußen bleiben ist für alle besser"
2022-01-23,"""Ohne Headhunter hätte ich gedacht: Das ist jetzt zu groß für mich"""
2022-01-15,"Linke will schnellere Klimawende"
2022-01-15,"Nur gute Nachrichten und Inspirierendes zum Wochenende"
2022-01-13,"Hamburg nimmt die höchste Welle"
2022-01-12,"Ausgeliefert: Zehntausende Kündigungen für Strom- und Gasverträge"
2022-01-11,"Mehrheit der Autofahrer würde auf Fahrrad oder ÖPNV umsteigen"
2022-01-10,"""Aktuell schaden geteilte E-​Scooter unterm Strich dem Klima"""
2022-01-09,"Die Kernstadt ist nicht die Zukunft"
2022-01-07,"Ins Restaurant nur noch mit Test oder Booster"
2022-01-07,"Bund und Länder beschließen bundesweit 2G plus für Gastronomie"
2021-12-26,"""Ich verdiene mit einer 70-Prozent-Stelle etwa 6.900 Euro"""
2021-12-24,"""Manchmal denkst du innerlich: Alter, das ist jetzt nicht dein Ernst"""
2021-12-21,"EU-Impfnachweise ohne Booster nur noch neun Monate für Reisen gültig"
2021-12-15,"Kein Geld für die E-Autos von Städtern"
2021-12-06,"Wann kommt der Weihnachtsmann? Dieser Hamburger rechnet es aus "
2021-12-02,"Wo der Bus nur dreimal am Tag fährt"
2021-11-28,"Koalitionsvertrag in Berlin steht"
2021-11-24,"Wie 3G in Bus und Bahn kontrolliert werden soll"
2021-11-19,"""Bei niedriger Impfquote ist unklar, ob es reicht"""
2021-11-18,"So wollen Bund und Länder die vierte Welle brechen"
2021-11-18,"Bundestag beschließt Änderungen des Infektionsschutzgesetzes"
2021-11-17,"Ampel plant 3G im ÖPNV und am Arbeitsplatz"
2021-11-16,"Tschüss, Diesellok!"
2021-11-15,"Getrieben von der Pandemie"
2021-11-11,"Wer kommt da noch durch? "
2021-11-10,"So wird das nichts mit der Verkehrswende"
2021-11-09,"Von der Alb aus ist Berlin weit weg"
2021-11-03,"""30 Prozent weniger Autoverkehr!"" Warum das nötig ist"
2021-11-02,"ÖPNV wird bundesweit teils deutlich teurer"
2021-10-29,"""Autoverkehr muss um 30 Prozent abnehmen"" "
2021-09-22,"Verbrenner abschaffen wird nicht reichen "
2021-09-17,"""Diese Straße ist ja ein Platz!"" "
2021-09-19,"In Nordhorn haben Radfahrer Vorfahrt"
2021-09-17,"Freie Fahrt im Nahverkehr "
2021-09-15,"Auto bleibt für Pendler das Verkehrsmittel Nummer eins"
2021-09-12,"""Bei einer Kanzlei könnte ich bis zu 125.000 Euro im Jahr verdienen"""
2021-09-09,"Das wollen die Parteien für junge Menschen tun"
2021-09-08,"""Energiegemeinschaften könnten ihren Strom selbst erzeugen und nutzen"""
2021-09-01,"Keiner Zukunft zugewandt!"
2021-08-31,"Die Klimakatastrophe scheint hier viele nicht umzutreiben"
2021-08-31,"Jetzt aber mal langsam"
2021-08-28,"Unterm Rad"
2021-08-23,"Die Last des Privilegs "
2021-08-23,"""Von dem Geld könnte man besser Radwege ausbauen"""
2021-08-23,"Mit dem Auto geht’s fast immer schneller"
2021-08-19,"Verhandlungen mit den Taliban, ÖPNV in Laufnähe, Marietta Slomka"
2021-08-10,"So soll Deutschland durch den Pandemie-Herbst kommen"
2021-08-04,"""Ich habe schon viel ausgeteilt"""
2021-08-04,"Ein großes Verordnen und Verhindern"
2021-08-03,"Müßiggang im Impfzentrum"
2021-07-31,"Was ist ein Parkplatz wert?"
2021-07-29,"Scholz und Altmaier versprechen Entlastung beim Strompreis"
2021-07-23,"Zu teuer, zu spät? Ihre 33 Fragen zum ÖPNV "
2021-07-22,"33 Fragen zu Bus, Bahn und Fähre in Hamburg "
2021-07-20,"""Es sollen nur noch unverzichtbare Autofahrten möglich sein"""
2021-07-15,"Söderdämmerung"
2021-07-12,"""Städte gehören den Menschen, nicht tonnenschweren Blechbüchsen"""
2021-07-10,"""SUVs für niemanden"""
2021-07-08,"1.100 Euro im Jahr fürs Leben ohne Auto"
2021-07-07,"Hilfe für Städte und Gemeinden beim Umgang mit dem Klimawandel"
2021-06-25,"Tausende feiern bei illegalen Raves und Massenpartys "
2021-06-23,"Was wollen die Bürger sich zumuten?"
2021-06-22,"Wie Hamburg zur Synagoge am Bornplatz kam – und sie dann zerstörte"
2021-06-21,"Und wir brauchen sie doch noch"
2021-06-20,"Noch mehr Autos in deutschen Großstädten"
2021-06-16,"""Ich kann mir nichts Schöneres als meinen Job vorstellen"""
2021-06-05,"Das Blaue vom Himmel"
2021-06-05,"""Für eine lebendige Innenstadt brauchen wir auch Autos"""
2021-05-29,"""Es wird immer teurer, sich klimaschädlich zu verhalten"""
2021-05-22,"Söder gegen Koalition mit grüner Kanzlerin"
2021-05-20,"Genug gezögert"
2021-05-13,"""Wir müssen auch unser Verhalten ändern"""
2021-05-13,"""Wir werden die Notwendigkeit privater Treffen hinterfragen"""
2021-05-02,"Ist hier schon Holland?"
2021-04-29,"Eure Party ist unser Schmerz"
2021-04-23,"Ein neuer CO2-Preis reicht nicht aus"
2021-04-19,"Meine Radikalisierung"
2021-04-12,"Werdet erwachsen, zeigt Schwäche! "
2021-03-28,"""Für uns Lehrer bedeutet Corona doppelte Arbeit"""
2021-03-14,"Tausche Platz für Autos gegen Platz für Menschen"
2021-03-11,"Pandemie versus Politik"
2021-03-09,"""Der politische Stil hat sich verändert"""
2021-03-07,"""Ich habe 350.000 Euro in Aktien und Edelmetalle investiert"""
2021-03-03,"Koalitionsfraktionen einig über Reform des Fahrdienstmarktes"
2021-02-26,"Sie wollen jetzt endlich spielen"
2021-02-14,"Stellt euch vor, was wir erreichen könnten"
2021-02-08,"""Es passieren so viele Unfälle wegen überhöhter Geschwindigkeit"""
2021-01-28,"Justiz auf Linie"
2021-01-20,"""Eine ganze Schülergeneration wird lebenslang Nachteile erfahren"""
2021-01-19,"So soll Deutschland der Mutante trotzen"
2021-01-15,"Geht da noch was?"
2021-01-15,"Kanzlerin will Lockdown-Beratungen mit Ministerpräsidenten vorziehen"
2021-01-12,"Bayern führt FFP2-Maskenpflicht in Geschäften und ÖPNV ein"
2020-12-19,"Paketpost soll per Straßenbahn kommen"
2020-12-13,"""Ich lege viel Geld an, um später nicht Vollzeit arbeiten zu müssen"""
2020-12-10,"""Das Auto verschlingt ein Vermögen"""
2020-12-10,"""Parteien müssen deutlich machen, für welche Klimapolitik sie stehen"""
2020-12-09,"Und wenn sich doch was bewegt?"
2020-12-07,"Kommission empfiehlt, zuerst in Alten- und Pflegeheimen zu impfen"
2020-12-06,"""Ich möchte 800.000 Euro ansparen, bis ich 60 Jahre alt bin"""
2020-12-04,"Geht's auch ohne Auto?"
2020-11-24,"""Industrieländer stehen viel stärker in der Pflicht"""
2020-11-17,"Schulschließungen: Was dafür spricht und was dagegen"
2020-11-15,"Wut auf Rädern"
2020-11-10,"""Wenn ich mich nicht wehre, sieht es schlecht aus"""
2020-11-05,"Dem Stau entschweben"
2020-11-05,"""Wir müssen jetzt eine Zeit lang Verzicht üben"""
2020-11-03,"Schweigen ist Gold"
2020-11-01,"""Ich habe 60.000 Euro in Aktien angelegt"""
2020-10-27,"""Herdenimmunität anzustreben ist ethisch nicht vertretbar"""
2020-10-27,"Die alles entscheidende Zahl"
2020-10-26,"Ländertarifgemeinschaft beschließt Ausschluss Berlins"
2020-10-22,"Nur gemeinsam lässt sich das Virus stoppen"
2020-10-22,"Pflichtwidrig geschwiegen? "
2020-10-20,"Code für die Welt "
2020-10-19,"So kann man das Homeoffice von der Steuer absetzen"
2020-10-15,"""Wohnungen sollen in der breiten Masse keine Kapitalanlage sein"""
2020-10-11,"Ihre Währung sind Quadratmeter"
2020-10-10,"Angriff ohne Maske"
2020-10-09,"Warnstreiks schränken Verkehr in Berlin, Brandenburg und Bayern ein"
2020-10-08,"Warnstreiks schränken Nahverkehr in NRW und Baden-Württemberg ein"
2020-10-04,"""Bei uns sollen alle gleich viel verdienen, egal wie alt sie sind"""
2020-10-18,"Mehr Platz für Frauen"
2020-09-29,"Busse und Bahnen stehen bundesweit still"
2020-09-26,"Corona-Regeln in den Bundesländern"
2020-09-25,"Ver.di ruft zu Warnstreiks im Nahverkehr auf"
2020-09-24,"Maskenpflicht auf öffentlichen Plätzen ist umstritten"
2020-09-23,"Ver.di will Warnstreiks im öffentlichen Dienst ausweiten"
2020-09-14,"Eine Gebühr gegen den Stau"
2020-10-10,"Komm mir nicht mit 'nem E-Auto!"
2020-09-07,"Corona rechtfertigt keine Radwege"
2020-09-05,"Kind abholen ist auch ein wichtiger Termin"
2020-08-28,"Reisen, wenn andere schlafen"
2020-08-14,"""Wir wollen den Verzicht aufs Auto attraktiver machen"""
2020-08-13,"""Wir können nicht sicherstellen, dass alle eine Maske tragen"""
2020-08-09,"""Soll ich meinen Sohn in die Schule schicken?"" – Zweifel einer Mutter"
2020-07-27,"Rad voran!"
2020-07-26,"Zurück in die Klapperkiste"
2020-07-22,"Dem Stau entschweben"
2020-07-10,"""Es geht nicht um Autofahrer gegen Radfahrer"""
2020-07-06,"Gesundheitsminister einigen sich auf Beibehaltung der Maskenpflicht"
2020-06-26,"CleverShuttle stellt Fahrdienst in mehreren Städten ein"
2020-06-21,"Der unangenehme Rest"
2020-06-20,"Elektroauto? Nicht mit mir"
2020-06-04,"""Manchmal braucht es Mut zu unpopulären Entscheidungen"""
2020-06-04,"Ökonomen loben Milliardenpaket der Bundesregierung"
2020-06-04,"Koalition einigt sich auf Konjunkturpaket"
2020-05-31,"SPD fordert Milliarden für öffentlichen Nahverkehr"
2020-05-30,"28 Milliarden Euro für 5G, Bahn und Nahverkehr"
2020-05-25,"""Maßnahmen müssen Beschäftigung, Innovation und Klimaschutz dienen"""
2020-05-22,"Finanzminister plant Familienbonus über 300 Euro pro Kind"
2020-05-16,"""Jetzt noch Bus und Bahn zu meiden, ist unnötig"""
2020-05-05,"Sauber, aber zu teuer"
2020-04-28,"Maskenpflicht in Läden gilt bundesweit"
2020-04-27,"Der Nahverkehr hat Hilfe nötig"
2020-04-27,"Die wichtigsten Nachrichten vom Montag"
2020-04-21,"Die wichtigsten Corona-Nachrichten vom Dienstag"
2020-04-20,"Bayern führt Maskenpflicht in Geschäften und Nahverkehr ein"
2020-04-19,"""Sie schicken das Fahrrad weg und rufen sich später wieder eins"""
2020-04-17,"Sachsen und Mecklenburg-Vorpommern führen Maskenpflicht ein"
2020-04-17," Kirchen rechnen mit Gottesdiensten ab Mai"
2020-04-17,"Die wichtigsten Corona-Nachrichten vom Freitag"
2020-04-08,"Immer mehr Menschen fahren Bahn und Bus"
2020-04-03,"Ist die U-Bahn noch sicher?"
2020-03-13,"500 Euro, um das Nötigste abzufedern"
2020-03-12,"Auf dem Weg zur Arbeit Geld verdienen"
2020-02-27,"Keine Tickets mehr für Bus, Tram und Bahn"
2020-02-22,"""Wir fahren keinen Kuschelkurs"""
2020-02-21,"Der bürgerliche Anstrich hilft ihnen nicht"
2020-02-14,"""Das Auto ist kein Auslaufmodell"""
2020-01-30,"Bund gibt mehr Geld für Bus und Bahn"
2020-02-05,"Er oder sie?"
2020-01-23,"Monheim first"
2020-01-20,"Ministerin Julia Klöckner will #Dorfkinder feiern und wird dafür ausgelacht"
2020-01-15,"Noch fahren sie"
2020-01-05,"""Ich hadere damit, für börsennotierte Unternehmen zu arbeiten"""
2020-01-01,"Wo es sich entscheidet"
2019-12-22,"""Ohne das Einkommen meines Mannes könnte ich nicht überleben"""
2019-12-03,"Geteiltes Leid "
2019-11-28,"Die Städte kämpfen um die Kontrolle"
2019-11-27,"""Für meine Mutti wünsche ich mir ein Mitfahrnetzwerk"""
2019-11-26,"Wie die Verkehrswende auf dem Land gelingt"
2019-11-19,"Bus für lau – und alle fahren Auto"
2019-11-07,"Der Winter wird hart für die Rollerverleiher"
2019-11-05,"Zwischen leicht verdientem Geld und Ausbeutung"
2019-11-04,"Uber testet erstmals Landtaxi"
2019-11-01,"Mobilitätsflatrate in Augsburg startet"
2019-10-29,"Gibt es einen besseren ÖPNV-Deal?"
2019-10-27,"Wir brauchen eine Städtemaut"
2019-10-23,"Die Runde endet, sobald der erste Hitlervergleich fällt"
2019-10-15,"Lombardsbrücke: Sanierung verzögert sich"
2019-09-28,"Bus- und Bahnfahren wird vielerorts teurer"
2019-09-15,"Protestbündnis erklärt Blockade der IAA für beendet"
2019-09-14,"Stabile Preise gibt's nur für Autofahrer"
2019-09-09,"""Das ist eine Jahrhundertaufgabe, die viele Milliarden kosten wird"""
2019-09-05,"SPD will klimaschonende Mobilität für alle"
2019-09-05,"""Falschparker behindern die Verkehrswende"""
2019-08-28,"Berliner Nahverkehr laut Untersuchung vergleichsweise schnell"
2019-08-27,"Die Wahrheit über die Hafenquerspange "
2019-08-22,"Franziska Giffey unterstützt Freifahrten bei Freiwilligendienst"
2019-08-19,"""Diese Jugendbewegung taugt nicht als Feindbild"""
2019-08-17,"Fahrradverband kritisiert Andreas Scheuers Verkehrsreform"
2019-08-15,"Aufbruch mit Gegenwind"
2019-08-18,"""Für mich ist es sehr schwierig, mit Freunden über Geld zu sprechen"""
2019-08-14,"Was die ""Fridays for Future""-Aktivisten von der Stadt Hamburg fordern"
2019-08-09,"Ohne Ticket wird nicht alles gut"
2019-08-09,"Planen Sie mit der Dummheit der anderen!"
2019-08-09,"Mehr und mehr Städte im Klimanotstand"
2019-08-03,"Wie fährt es sich Rad in der kleinen Stadt?"
2019-07-30,"Wie nachhaltig sind Elektroroller wirklich?"
2019-07-26,"Er will die SPD heilen"
2019-07-07,"Nehmt uns ernst!"
2019-06-12,"Fahrradreform mit Bremse"
2019-06-06,"""Wir haben gerade keinen guten Lauf"""
2019-06-05,"""Es ist nur noch zum Kotzen"""
2019-05-28,"Wie kann Hamburg besser werden?"
2019-05-20,"Platz da!"
2019-05-18,"""E-Tretroller werden den Autoverkehr kaum reduzieren"""
2019-05-10,"Weniger Autos, bessere Luft"
2019-05-01,"Was heißt Sozialismus für Sie?"
2019-04-24,"Gericht schränkt VW-Sammeltaxidienst ein"
2019-04-25,"Sie meinen es ernst"
2019-04-06,"Ganz genau will Stuttgart es nicht wissen"
2019-03-27,"Der Hamburger Spatz stirbt aus"
2019-03-15,"Im Roboterauto vom Seniorenheim ins Theater"
2019-03-06,"""Auch ein Radfahrer kann nicht jederzeit freie Fahrt erwarten"""
2019-03-03,"Die Neuerfindung des Sammeltaxis"
2019-02-15,"Am Limit"
2019-02-11,"Warum das Recht auf Homeoffice eine gute Idee ist"
2019-02-08,"Freie Fahrt für gelbe Westen?"
2019-01-19,"1.000 kleine Taten für das Klima"
2019-01-01,"Gebt den Städten mehr Geld für den Nahverkehr"
2018-11-28,"Das Letzte"
2018-11-10,"""Unsere Zukunft steht auf dem Spiel"": Wofür junge Grüne sich jetzt in ihrer Partei engagieren"
2018-11-03,"CDU-Innenpolitiker will Abschiebestopp für Syrer überprüfen"
2018-10-12,"Wer kann mit wem?"
2018-10-09,"Miese Luft, lahme Politiker"
2018-10-03,"9 Thesen junger Menschen zum Tag der Deutschen Einheit: ""So gelingt uns die Wende wirklich!"""
2018-09-23,"Ein Nummernschild für jedes Fahrrad?"
2018-09-13,"Unsere 50 Lieblings-Apps"
2018-08-29,"""Wir müssen unser Land gegen die Rechten verteidigen"""
2018-08-14,"Warten, Testen, Zeit schinden"
2018-07-31,"Fahrerlos im Dienst"
2018-07-25,"Mehr Radverkehr, mehr Lebensqualität"
2018-07-29,"Volkswagen nach dem Uber-Prinzip"
2018-07-18,"Ein Verbot, das kaum jemanden betrifft"
2018-07-09,"Nach unten treten, nach oben buckeln"
2018-07-09,"Milliarden fürs Mitreden"
2018-07-04,"""6 Uhr? Eine gute Zeit für eine Runde auf dem Großmarkt"""
2018-06-22,"Städtetag fordert vom Bund Milliarden für sauberen Verkehr"
2018-06-04,"Einfach mal die Autos aussperren"
2018-05-19,"Verloren zwischen Verleih-Fahrrädern"
2018-05-06,"Die grüne Welle für Fahrräder"
2018-04-17,"Mit Hightech und pädagogischem Druck"
2018-04-16,"""Mit Tausenden Vögeln fühlt man sich nicht einsam"""
2018-04-09,"Stadt ohne Plan"
2018-04-03,"Bald könnten Sie auch ihren neuen Benziner nicht mehr loswerden"
2018-03-27,"Städte-Maut statt Fahrverbote"
2018-03-18,"Taktung hoch, Preise runter"
2018-03-18,"Im Land der Öffis"
2018-03-02,"Kostenloser ÖPNV – und die Stadt verdient daran"
2018-02-28,"Abstimmung: Werbung gegen Geschlechter-Stereotypen"
2018-02-26,"Kostenloser Nahverkehr vorerst in keiner Kommune"
2018-02-17,"Städtetag rechnet mit Fahrverboten"
2018-02-18,"""Ich bräuchte drei- bis viermal länger als mit dem Auto"""
2018-02-16," Es geht um die Pendler, stupid!"
2018-02-15,"Scholz tauscht Bierzelt gegen Bürgerschaft"
2018-02-14,"Ist kostenloser Nahverkehr eine gute Idee?"
2018-02-14,"Bundesregierung dementiert konkrete ÖPNV-Pläne"
2018-02-14,"Was muss sich im öffentlichen Nahverkehr ändern?"
2018-02-14,"Kommunen kritisieren Vorschlag zu kostenlosem Nahverkehr"
2018-02-14,"Gendern oder Nichtgendern?"
2018-02-13,"Bund erwägt kostenlosen Nahverkehr"
2018-02-08,"Die Personalie Olaf Scholz"
2018-02-07,"Die Bahn gibt's ja auch noch"
2018-01-17,"Grundsteuer: Horrende Mehrkosten? "
2018-01-05,"Wie kommen wir aneinander vorbei, ohne dass es kracht?"
2017-12-22,"Ilse bringt dich"
2017-12-10,"Das Glück ist mit den Blöden"
2017-11-27,"Ruhepause kostet 83-Jährigen 35 Euro Bußgeld"
2017-11-23,"Nicht neu, aber einigermaßen crazy"
2017-11-15,"Radverkehr: Koordinatorin Pfaue ist für Fahrradstraßen"
2017-09-07,"Bloß nicht mit denen!"
2017-08-11,"""Ein Puzzlespiel, das gerade vor unseren Augen abläuft"""
2017-08-03,"Jeder ist erst mal verdächtig"
2017-08-03,"Gesundheit, Herr Horch!"
2017-08-02,"Rahlstedt hofft: Die S4 soll früher kommen "
2017-07-31,"So viel gependelt wurde noch nie"
2017-07-17,"Meine Haltestelle, mein Kiez"
2017-07-06,"Die Freiheit der anderen"
2017-06-14,"Diesel sollen draußen bleiben"
2017-06-12,"Parken verteuern, Bus und Bahn ausbauen"
2017-06-02,"Dieselgate ist ein Fall für die EU-Wettbewerbshüter"
2017-04-06,"""100-prozentige Gerechtigkeit kriegt man nicht hin!"""
2017-04-05,"Die Lufthansa lässt Pilotenträume platzen"
2017-03-27,"Für die Mäuse wird es eng"
2017-03-23,"""Wir brauchen eine Quote für Elektroautos"""
2017-03-23,"Haltet endlich die Luft an!"
2017-03-13,"So hart ist Fahrradfahren in Berlin"
2017-03-10,"Irgendwie, Irgendwo, Irgendwann"
2017-02-23,"Welche Zukunft hat der Diesel?"
2017-02-23,"Bahn frei"
2017-02-15,"""Zumutbar, 45 Stunden in der Woche zu arbeiten"""
2017-02-12,"""Die Kommunen werden mit den Kosten alleingelassen"""
2017-02-11,"""Preiserhöhungen werden zunehmend kritisch gesehen"""
2017-02-10,"Volle Tram, leere Kasse"
2017-02-09,"""Viele Kommunen verbrennen Geld"""
2017-02-09,"Wo der Nahverkehr sein Geld wert ist"
2017-02-09,"Wo Dresden Vorbild ist"
2017-02-09,"Nichts geht mehr am Neumarkt"
2016-12-25,"Weltkriegsbombe entschärft - Tausende können in ihre Häuser zurück"
2016-12-06,"""Die Leute möchten miteinbezogen werden"""
2016-11-23,"Wir brauchen unseren Anstand zurück!"
2016-11-07,"Keine Autos vorm Stadtschloss"
2016-10-20,"Der Irrglaube an die Privatisierung"
2016-10-19,"Flatrate statt eigenes Auto"
2016-10-12,"Warten auf den Elektrobus"
2016-10-07,"Die letzte Meile braucht keinen Fahrer mehr"
2016-10-06,"Hamburgs bessere Hälfte"
2016-09-30,"11 Sätze, die Busfahrer*innen nicht mehr hören können"
2016-08-29,"Bundesregierung will Carsharing-Autos besserstellen"
2016-08-25,"Benehmt euch in Bussen und Bahnen nicht wie die Trampel!"
2016-08-16,"Lieber pendeln als umziehen"
2016-07-20,"Eine Stadt will sich dem Fahrrad unterordnen"
2016-05-27,"Kein Geld für Reisen? So geht Urlaub zu Hause!"
2016-04-18,"Wieso kündigt die Anzeige einen Bus ""Sofort"" an, der dann nicht kommt?"
2016-02-02,"Wo Tore mehr zählen als Räder"
2016-01-21,"Die Revolution im Zuckeltempo"
2015-12-21,"Oslo wirft das Auto raus"
2015-12-10,"Sicherheit, die wenig kostet"
2015-11-27,"Beim Klima zählt auch das Geschlecht"
2015-10-29,"Gotteskrieger in der S-Bahn"
2015-09-17,"Ein größtenteils gelungenes Update"
2015-09-09,"Etwas Marketing-Voodoo fürs iPhone 6s"
2015-09-02,"Neue Busse braucht das Land"
2015-07-10,"Apple lädt zum Testen von iOS 9 ein"
2015-03-10,"Berlin, der Ankündigungsweltmeister"
2015-03-02,"Auch Opa verdient ein smartes Handy"
2015-03-02,"""Viele können sich jetzt wieder eine Reise leisten"""
2015-01-22,"Mit dem Smartphone durch den Verkehr"
2015-01-16,"Kampf dem Krach"
2014-09-24,"Aktionismus ohne Wert"
2014-08-18,"Widerstand gegen Privilegien für Elektroautos"
2014-06-30,"""Radfahrer machen eine Stadt erst richtig lebendig"""
2014-05-02,"Mein Dorf, mein Haus, mein geteiltes Auto"
2014-04-29,"Wie Familien es ohne eigenes Auto schaffen"
2014-04-24,"Deutschlands Carsharing-Hauptstadt"
2014-04-08,"Gute Lösung für Selten-Fahrer"
2013-11-21,"Grüne Ferraris"
2013-09-20,"Für die Union hat das Auto Vorfahrt"
2013-09-04,"Konsens für alle!"
2013-05-02,"Nachhaltige Mobilität hilft auch der Konjunktur"
2013-04-04,"Sollen wir die Dörfer aufgeben?"
2013-03-22,"Bahnunternehmen warnen vor Preiserhöhung wegen Ökostrom-Umlage"
2016-02-19,"""Die Deutschen gehen die Sache falsch an"""
2013-01-21,"""Jedes neue Carsharing-Auto ersetzt zehn private"""
2013-01-17,"Die neue Burgerlichkeit"
2012-12-17,"Auto nur voll besetzt so CO2-sauber wie Regionalzug"
2012-12-14,"""Jeder Radfahrer muss ab und zu kampfradeln"""
2012-05-16,"""Die Piraten sind schon unglaublich vernünftig"""
2011-11-28,"Baden-Württembergs drittes Risiko"
2012-06-14,"Jeder will jetzt teilen"
2011-02-15,"Die Verliererinnen im Hartz-IV-Streit"
2012-02-04,"Mobilität zum Pauschalpreis"
2010-11-19,"""Berlin soll nicht nur Erprobungsmarkt für Elektroautos sein"""
2010-11-10,"""Der Benzinpreis ist nicht entscheidend"""
2010-09-24,"Erst die Wohnung, dann der Verkehr"
2010-09-16,"Über die rote Welle"
2016-02-19,"""Der Nahverkehr muss umweltfreundlicher werden"""
2010-04-22,"Ein akkuter  Spaß"
2010-01-28,"Lei, lei, lei, lei, da ist nix dabei"
2009-04-02,"Das virtuelle Berlin"
2008-08-05,"Der bewegte Mensch"
2008-02-11,"Wir müssen draußen bleiben"
2006-07-06,"Verkehr bleibt öffentlich"
2006-07-06,"Begehrter Müll"
2006-07-06,"Schmerz ist selten Privatsache"
2006-07-06,"Privater Strom"
2005-12-08,"Das  Letzte"
2004-10-21,"Grüne Hoffnung, blaues Wunder"
2004-09-09,"Umsteigen, bitte"
2004-03-25,"Alles auf eine Karte"
2002-03-21,"Unterwegs in der Kathedrale"
2002-03-21,"Unterwegs in der Kathedrale"
2001-02-01,"Der Flirt-Faktor"
2000-03-02,"Blicke aus der Schießscharte"
2013-08-28,"Das Land in Zahlen"
2013-08-28,"Städtetag will Lastwagen aus Wohngebieten verbannen"
1996-05-31,"Neuer Reiseatlas"
1996-05-17,"Öffentlicherpersonennahverkehr: Alle Frauen haben kleine Füße"
1996-05-10,"Öffentlicherpersonennahverkehr: Alles fließt"
1996-05-03,"Kolummne über den ÖPNV: Nicht mehr einsteigen, Mänsch!"
1996-04-26,"Kolumne über den ÖPNV: Ein Grabmal muß nicht teuer sein"
1996-04-19,"Die neue Kolumne: ÖPNV, der Öffentlichepersonennahverkehr"
1995-11-03,"Bargeldlos im Nahverkehr"
1995-06-23,"Ah oh mmmh ah - iih!"
1995-05-05,"Mit dem Auto-Pilot durchs Chaos"
1994-12-09,"Testfall für den schlanken Staat"
1994-10-28,"Gleisanschluß zur Ladentheke"
1994-06-10,"Milliarden auf falschem Gleis"
1993-12-24,"Neues vom ""Hundekopf"""
1993-05-28,"Chaos mit Chancen"
1992-03-13,"Auf die sanfte Tour"
1992-01-17,"Zeitlese"
1991-06-07,"Großer Bahnhof"
1991-05-10,"Ohne Furcht, nicht ohne Tadel"
1988-11-25,"Stadt unterm Rad"
1973-04-13,"Bus, Taxi oder Privatwagen?"
1973-03-09,"Wer hält die Lawine auf?"
