"dates","title","ressort"
2022-09-05,"49, 59 oder 69 Euro – was bringt das teure Billigticket?","Mobilität"
2022-09-02,"»Dass das Ticket jetzt ausgelaufen ist, erleichtert mich«","Mobilität"
2022-08-26,"Wie der Superbilligtarif den Verkehr verändert hat","Mobilität"
2022-08-26,"Ist das noch schlechter Klimaschutz – oder schon Arbeitsverweigerung?","Wissenschaft"
2022-08-02,"»Das Bahnnetz ist teilweise stark überlastet«","Wirtschaft"
2022-07-31,"Niedersachsen erwägt Regional-Ticket für norddeutsche Länder","Wirtschaft"
2022-07-20,"Länder drängen auf Extra-Mittel vom Bund – SPD wirft Wissing »Eiertanz« vor","Politik"
2022-07-08,"Russlands Krieger flüchtet vom G20-Treffen","Politik"
2022-07-08,"Zeugniszeit für die Bundesregierung","Wissenschaft"
2022-07-07,"Zwei drängeln sich am Steuer, aber keiner fährt","Mobilität"
2022-06-29,"Dieses Elektroauto zapft die Sonne an","Mobilität"
2022-06-28,"Grüne Umweltministerin Lemke kündigt Zustimmung zu EU-Verbrenner-Aus an","Wirtschaft"
2022-06-22,"Wie der Staat an der Mobilitätswende scheitert","Politik"
2022-06-21,"Warum die FDP das Verbrenner-Aus kippen will","Mobilität"
2022-06-18,"Ring frei – so will Köln ein deutsches Kopenhagen werden","Mobilität"
2022-06-13,"»Mit den 2,5 Milliarden Euro hätte man sehr viel machen können«","Politik"
2022-06-12,"Eine Spreefahrt, die ist dreckig","Mobilität"
2022-06-09,"Keiner will mehr Trucker sein","Panorama"
2022-06-03,"Warum es bald noch mehr innerdeutsche Flüge geben könnte","Politik"
2022-06-03,"Ticket ins Chaos","Politik"
2022-05-24,"»Wir müssen die Stadt auf links drehen«","Mobilität"
2022-05-16,"Was für Schwarz-Grün spricht – und was dagegen","Politik"
2022-05-15,"Die Krise der Autotuner – und wie sie dagegen ankämpfen","Mobilität"
2022-05-09,"SPD kritisiert Wissings Pläne für Elektroautoprämie","Mobilität"
2022-05-04,"Fahrgastverband fordert Stopp der Fahrradmitnahme wegen Neun-Euro-Tickets","Wirtschaft"
2022-04-30,"Sechs Zylinder fürs Klima","Mobilität"
2022-04-27,"Ego statt Öko","Mobilität"
2022-04-25,"Deutsche Umwelthilfe fordert teureres Anwohnerparken","Wirtschaft"
2022-04-24,"Wie geht es weiter mit dem Neun-Euro-Ticket?","Politik"
2022-04-16,"Wird das Neun-Euro-Ticket der Verkehrswende womöglich schaden?","Wissenschaft"
2022-04-13,"Wirtschaftsforscher hält E-Auto-Prämie für halbherzig","Wirtschaft"
2022-03-29,"E.on plant in großem Stil Einfuhr von grünem Wasserstoff – aus Australien","Wirtschaft"
2022-03-24,"Einfach, elektrisch, für alle","Mobilität"
2022-03-05,"Attacke aufs Auto","Mobilität"
2022-02-25,"Der E-Auto-Engpass – und wie Käufer ihn umgehen","Mobilität"
2022-01-28,"BMW stellt die Produktion des i3 ein","Wirtschaft"
2022-01-13,"Das Ende ist nahe – jedenfalls für den Verbrennungsmotor","Politik"
2022-01-13,"»Deutschland darf nicht zur Bad Bank alter Technologie werden«","Wirtschaft"
2022-01-13,"Verkehrsminister Wissing warnt vor Kauf von Autos mit Verbrennungsmotor","Mobilität"
2022-01-05,"Automarkt bricht 2021 weiter ein","Wirtschaft"
2021-12-29,"Wer hinter dem Ladesäulen-Desaster steckt – und wie man es lösen kann","Wirtschaft"
2021-12-19,"Jede zweite Kommune hat keine öffentlichen Ladesäulen","Mobilität"
2021-12-13,"Bundesregierung verlängert E-Auto-Prämie um ein Jahr","Wirtschaft"
2021-12-07,"RWE kooperiert mit russischem Novatek-Konzern","Wirtschaft"
2021-12-05,"Wie der Tesla-Motor in den Porsche Cayenne kam","Mobilität"
2021-11-30,"Berufspendler fahren auch auf kurzen Strecken am liebsten Auto","Mobilität"
2021-11-29,"Kommt der Advents-Lockdown?","Politik"
2021-11-12,"Siemens-Boss gegen Zerschlagung der Bahn","Wirtschaft"
2021-10-29,"»Die Hoffnung, dass alle nur noch elektrisch fahren, wird sich nicht erfüllen«","Wirtschaft"
2021-10-29,"So schwindet die Reichweitenangst","Mobilität"
2021-10-29,"»Wir stimmen dem Koalitionsvertrag nur zu, wenn sich wirklich was verändert«","Politik"
2021-10-27,"55 Millionen Menschen ohne ausreichenden Nahverkehr","Wirtschaft"
2021-10-22,"»Man kommt zu Fuß kaum über die Straße«","Panorama"
2021-10-20,"Eine Burschenschaft namens CDU","Politik"
2021-10-10,"Ferngesteuert durch die City","Mobilität"
2021-09-30,"Merkels Nachfolgerin in der Provinz","Politik"
2021-09-24,"Ausbremsen oder anschieben – was die Parteien fürs Fahrrad planen","Mobilität"
2021-09-17,"So gehen Deutschlands Städte gegen den E-Roller-Klamauk vor","Wirtschaft"
2021-09-12,"Vier Gründe, warum die IAA die Autowelt nicht weiterbringt","Mobilität"
2021-09-11,"Tausende demonstrieren gegen Automesse IAA","Wirtschaft"
2021-09-07,"Autoindustrie verurteilt Störaktionen bei IAA","Mobilität"
2021-08-23,"Das Lastenrad – ein »Veggie Day« auf Rädern?","Politik"
2021-08-10,"Warum die Lokführer wirklich streiken","Wirtschaft"
2021-08-06,"Jetzt werden Parkhäuser zu Wohnraum","Mobilität"
2021-07-01,"Von Öl auf E in 30 Minuten","Mobilität"
2021-05-24,"Autowahn 100","Mobilität"
2021-04-14,"Der Abtrünnige","Mobilität"
2020-11-20,"Bundesregierung fördert privaten Ausbau von Elektroauto-Ladestationen","Wirtschaft"
2020-09-25,"Wettlauf um den Super-Akku","Politik"
2020-08-14,"Zehntausende Anträge auf E-Auto-Kaufprämie stapeln sich beim Bundesamt","Wirtschaft"
2020-05-24,"""Revolution in der autozentrierten Stadt""","Mobilität"
2020-05-24,"Brüssel plant die Verkehrsrevolution","Mobilität"
2020-01-10,"""Wir wollen den Umbau""","Wirtschaft"
2019-12-26,"Das sind unsere Mobilitäts-Tops des Jahres","Mobilität"
2019-12-26,"Schwer, teuer, gefährlich - die Mobilitäts-Flops des Jahres 2019","Mobilität"
2019-11-29,"Klappt Kapitalismus auch in Grün?","Wirtschaft"
2019-11-27,"Diese Frau soll das deutsche Auto retten","Wirtschaft"
2019-11-25,"Der Supertrumpf im Autoquartett","Mobilität"
2019-11-08,"Home, sweet Strom","Mobilität"
2019-11-05,"Immer noch nicht voll aufgeladen","Wirtschaft"
2019-11-05,"ADAC fordert Steuervorteile auch für Fernbusse","Wirtschaft"
2019-11-04,"Elektro oder nichts","Mobilität"
2019-10-16,"E-Auto-Verkäufe brechen um ein Drittel ein","Mobilität"
2019-10-16,"Woher kommt der rechte Hass?","Panorama"
2019-10-14,"Clevershuttle beendet Angebot in drei Großstädten","Mobilität"
2019-09-27,"H2 No!","Mobilität"
2019-09-13,"Verteufelt, aber begehrt","Politik"
2019-09-13,"Die große Heuchelei","Politik"
2019-09-12,"Oberbürgermeister feuert Breitseite gegen Autoindustrie ab","Mobilität"
2019-09-09,"Liebe Leserin, lieber Leser, guten Abend,","Politik"
2019-09-09,"""Es reicht nicht, einfach Verbrenner-SUV durch Elektro-SUV zu ersetzen""","Mobilität"
2019-09-08,"Watt geht?","Mobilität"
2019-09-06,"Ohne Helm und Verstand","Wirtschaft"
2019-08-03,"Wie sich Elektroautos auf dem Land lohnen","Wirtschaft"
2019-07-12,"Schlammschlacht ohne Sieger","Wirtschaft"
2019-07-12,"Das Haus der tausend Pannen","Politik"
2019-07-12,"""Die CDU spielt bei ökologischen Fragen keine wichtige Rolle mehr""","Politik"
2019-07-05,"Wer auf Radstreifen hält, soll 100 Euro zahlen","Mobilität"
2019-06-28,"""Sterben auf Raten""","Wirtschaft"
2019-05-21,"Stresstest fürs Stromnetz","Wissenschaft"
2019-04-30,"Sachsen träumt vom Lithium-Wunder","Wissenschaft"
2019-04-19,"Müssen die Deutschen auf ihr Auto verzichten, Frau Umweltministerin?","Politik"
2019-04-05,"Die schmutzige Seite der sauberen Mobilität","Wissenschaft"
2019-03-29,"Niedersachsens Regierungschef wirft GroKo Versagen bei Verkehrswende vor","Wirtschaft"
2019-03-29,"""Berlin spielt Klima-Mikado""","Politik"
2019-03-29,"VW, BMW und Daimler haben die Regierung beim Klimaschutz  überholt","Wirtschaft"
2019-03-29,"»Berlin spielt Klima-Mikado«","Wirtschaft"
2019-03-29,"Verkehrte Welt","Wirtschaft"
2019-03-07,"Das sind die Autoneuheiten aus Genf","Mobilität"
2019-01-22,"Schweden verbietet Verkauf von Diesel- und Benzinautos von 2030 an","Mobilität"
2019-01-22,"Deutschland hat einen Motorschaden","Mobilität"
2018-10-26,"Der Mann, der schneller Feinde als Freunde findet","Wirtschaft"
2018-10-26,"Briefe","Politik"
2018-10-26,"Ein Mann teilt aus","Wirtschaft"
2018-10-24,"Flixbus schickt ersten Elektrofernbus auf deutsche Straßen","Mobilität"
2018-10-05,"Briefe","Politik"
2018-09-21,"Endlich Schluss mit dem Stau","Politik"
2018-09-21,"Rasender Stillstand","Wirtschaft"
2018-07-22,"Der Elektro-Zwerg","Mobilität"
2018-06-25,"Wofür die VW-Milliarde verwendet wird","Wirtschaft"
2018-06-20,"Milliardenbußgeld von VW ist überwiesen","Wirtschaft"
2018-06-14,"Niedersachsen plant Verwendung der VW-Milliarde","Wirtschaft"
2018-05-30,"Lädt doch!","Mobilität"
2018-04-23,"Die neuen Radgeber","Wissenschaft"
2018-01-08,"""Die Armut sinkt""","Wirtschaft"
2018-01-04,"»Wachsen – aber anders«","Wirtschaft"
2017-12-03,"Deutscher Klimaforscher fordert, Braunkohlekraftwerke sofort abzuschalten","Wissenschaft"
2017-09-17,"""2026 kommt das Aus für den Verbrennungsmotor""","Mobilität"
2017-03-24,"Tempo! Tempo! Tempo!","Politik"
2016-11-16,"Das Überraschungsei","Mobilität"
2016-11-05,"IG Metall fordert rasche Abkehr von Benzin- und Dieselautos","Mobilität"
2016-11-04,"»Wechsel bei Vollgas«","Politik"
2014-10-27,"»Den Markt transformieren«","Wissenschaft"
